industry,pca_1,pca_2,cluster
Banking,-1.5687836441772383,-0.527206151772762,1
Education,-3.203103083619431,-0.47527755718667597,1
Government,1.2312392298338175,0.3170261456000708,2
Healthcare,1.5441625829056282,-0.5353692037790455,0
IT,2.119792084488426,-0.9512516571348281,0
Retail,0.19819817835849016,1.5426434307164,3
Telecommunications,-0.32150534778969414,0.6294349935568413,2
